{"psnr": 30.992122650146484, "mse": 0.0007957702619023621, "ms_ssim": 0.9375767707824707}