{
  "rsi_scale": 1000000,
  "run_tag": "precomp_analog",
  "time_sec": 10.926998853683472,
  "sinr_pre": -54.73550537762344,
  "sinr_after_analog": 11.333160401768101,
  "sinr_after_digital": 11.333160401768101,
  "analog_supp_db": NaN,
  "digital_supp_db": NaN,
  "psnr": 30.992122650146484
}