{"psnr": 31.510574340820312, "mse": 0.0007062240038067102, "ms_ssim": 0.9475340843200684}