{"psnr": 35.20354461669922, "mse": 0.0003017487470060587, "ms_ssim": 0.977245032787323}