{"psnr": 32.87495803833008, "mse": 0.0005158272106200457, "ms_ssim": 0.9599749445915222}