{"psnr": 32.58762741088867, "mse": 0.0005511086783371866, "ms_ssim": 0.9582300186157227}