{"psnr": 34.953773498535156, "mse": 0.00031961171771399677, "ms_ssim": 0.9756962656974792}