{
  "rsi_scale": 50000,
  "run_tag": "precomp_analog",
  "time_sec": 10.88113522529602,
  "sinr_pre": -41.72520629795887,
  "sinr_after_analog": 21.75059634319362,
  "sinr_after_digital": 21.75059634319362,
  "analog_supp_db": NaN,
  "digital_supp_db": NaN,
  "psnr": 34.953773498535156
}