{"psnr": 35.200740814208984, "mse": 0.0003019435971509665, "ms_ssim": 0.9771696925163269}