{
  "rsi_scale": 10000,
  "run_tag": "precomp_analog",
  "time_sec": 10.884724855422974,
  "sinr_pre": -34.73550994712405,
  "sinr_after_analog": 24.127014815822246,
  "sinr_after_digital": 24.127014815822246,
  "analog_supp_db": NaN,
  "digital_supp_db": NaN,
  "psnr": 35.200740814208984
}