{"psnr": 33.84933090209961, "mse": 0.00041216108365915716, "ms_ssim": 0.9681147933006287}