{"psnr": 32.88208770751953, "mse": 0.0005149811040610075, "ms_ssim": 0.9608004689216614}