{
  "snr_db": 25.0,
  "rsi_scale": 250000.0,
  "SINR_pre": -48.7149056028136,
  "SINR_analog": 16.826995019193383,
  "Supp_analog": 65.54190062200698,
  "noise_var": 0.07756056136603431,
  "P_main": 24.5268030517929,
  "amp_scale": 1.0,
  "analog_sic_info": {
    "mode": "realistic_asic_postpa",
    "ASIC_L": 9,
    "ASIC_P": 7,
    "ASIC_P_use": 7,
    "ASIC_NSYM": 2000,
    "BO_DB": 0.0,
    "enable_pa_nonlinearity": true,
    "AUX_DISABLE_IQPA": false,
    "ASIC_FORCE_LINEAR_WHEN_PA_OFF": true,
    "h_aux_flat_mag_db": -4.041496174045471,
    "g_err": 0.9834384782126355,
    "p_err_rad": -0.0003951443139892671,
    "EST_SNR_DB": 100.0,
    "alpha_real": -1.6247332248940243,
    "alpha_imag": 2.8011509410439657,
    "safety_flip": false,
    "P_rsi_before": 1824447.9825590441,
    "P_rsi_after": 0.43170163860109184,
    "analog_supp_db": 66.25947788461215,
    "actual_suppression_db": 66.25947788461215,
    "est_noise_var": 0.0002594320268942952,
    "P_main": 24.5268030517929,
    "noise_var": 0.07756056136603431,
    "SINR_pre_db": -48.7149056028136,
    "SINR_analog_db": 16.826995019193383
  }
}