{"psnr": 34.030357360839844, "mse": 0.00039533423841930926, "ms_ssim": 0.9702613353729248}