{"psnr": 34.73012161254883, "mse": 0.0003365020966157317, "ms_ssim": 0.9746409058570862}