{"psnr": 31.132465362548828, "mse": 0.0007704662275500596, "ms_ssim": 0.9458863735198975}