{
  "train_loss": [
    0.46771862495477035,
    0.4091322160070869,
    0.3991386681605297,
    0.39605735403716946,
    0.3937532865697411,
    0.39234995272508855,
    0.3914044947381232,
    0.39045555785203434,
    0.3897153344123986,
    0.38923307000451784,
    0.38847290425543574,
    0.38801293654047,
    0.3877448276349693,
    0.3872461028539451,
    0.38686238010977486,
    0.3864254524373704,
    0.3861390080801241,
    0.38587100946219866,
    0.3857613805752651,
    0.38529897723228307,
    0.3851795672990714,
    0.38499246623106065,
    0.38475278912076527,
    0.38481303574932607,
    0.38424553954677215,
    0.3842606145864839,
    0.38405391042399556,
    0.3840614240260641,
    0.38371047415551107,
    0.3837741188182952,
    0.3836689777435011,
    0.3836266432598138,
    0.3833885194769331,
    0.38340042806734703,
    0.38348816040974515,
    0.38347166947498446,
    0.3832711028824946,
    0.3834322385347573,
    0.3835272612465415,
    0.38318604325792593
  ],
  "train_supp": [
    0.2964049828443439,
    0.8721930544087841,
    0.9794693619582304,
    1.0131457117712421,
    1.0384469366377327,
    1.054203315525298,
    1.0647164351621252,
    1.0750190873814236,
    1.0836275155377235,
    1.0888331798231525,
    1.0974643955564802,
    1.1027358026261542,
    1.1056709198435402,
    1.1110044292583587,
    1.1152971728592163,
    1.1204243158079257,
    1.1234048608761684,
    1.1266890635156328,
    1.1278458081992568,
    1.1329081517875574,
    1.1344417986596467,
    1.1365060255785657,
    1.1391866928452898,
    1.1384722150055466,
    1.1451728028856265,
    1.14505225002386,
    1.1474190153134096,
    1.1470395558199304,
    1.1509219594062514,
    1.15052985195901,
    1.1517546252839883,
    1.1521524843896271,
    1.1548092972700763,
    1.1543128144968846,
    1.153660593898433,
    1.1536760459280317,
    1.1561147073271927,
    1.1540846733530616,
    1.1531301535618532,
    1.1568751733773832
  ],
  "val_loss": [
    0.42254579544067383,
    0.39746387767791747,
    0.3927000560760498,
    0.39037796831130983,
    0.3886533842086792,
    0.38766759824752806,
    0.3867483251094818,
    0.3860991191864014,
    0.3853142354488373,
    0.3848807380199432,
    0.38442702651023863,
    0.38404865241050723,
    0.3836522121429443,
    0.38341521978378296,
    0.383020587682724,
    0.3830494363307953,
    0.3823693902492523,
    0.3823128314018249,
    0.3822434952259064,
    0.3820250027179718,
    0.38172416591644287,
    0.38188901710510254,
    0.38149052596092226,
    0.3813343496322632,
    0.38120037627220155,
    0.3811197612285614,
    0.3810303111076355,
    0.3810419838428497,
    0.38084644031524656,
    0.38080403304100036,
    0.38078419280052184,
    0.3806912579536438,
    0.38066290402412417,
    0.38065249657630923,
    0.3806361393928528,
    0.38061253929138184,
    0.3806052398681641,
    0.38060165286064146,
    0.3805982811450958,
    0.38059583020210264
  ],
  "val_supp": [
    0.7337117466926575,
    1.0046089866161347,
    1.0581862630844117,
    1.0843745963573457,
    1.1040097620487213,
    1.1151059408187867,
    1.1259890086650848,
    1.1333030025959014,
    1.1423040201663972,
    1.1471430070400237,
    1.152211158514023,
    1.1565424349308013,
    1.1611863598823546,
    1.164137720346451,
    1.1687939982414246,
    1.1680450613498687,
    1.1763646712303162,
    1.1769552137851715,
    1.1774639391899109,
    1.1799376335144043,
    1.1836113576889038,
    1.1815493130683898,
    1.1863051984310151,
    1.1883158569335937,
    1.190104106426239,
    1.1906218626499177,
    1.1918416273593904,
    1.1913863351345062,
    1.193817236661911,
    1.1944752492904662,
    1.1946498718261718,
    1.1957124083042145,
    1.1961391141414643,
    1.1961734795570373,
    1.196427042245865,
    1.1966515550613404,
    1.1967026166915893,
    1.1967464966773986,
    1.196804148197174,
    1.1968268687725068
  ]
}