{
  "train_loss": [
    0.9153257608413696,
    0.9051862001419068,
    0.9027999520301819,
    0.9008443474769592,
    0.8998290300369263,
    0.8979520678520203,
    0.8976522862911225,
    0.897464144229889,
    0.8953329145908355,
    0.8945460259914398,
    0.8938467264175415,
    0.8933812797069549,
    0.8924939513206482,
    0.8916069328784942,
    0.8909449577331543,
    0.8899023473262787,
    0.8896148920059204,
    0.8883961021900177,
    0.8872476279735565,
    0.8869854092597962
  ],
  "train_supp": [
    0.0020454586832784117,
    0.0038933676201850175,
    0.005182876283652149,
    0.008814362256089225,
    0.01137103516375646,
    0.01703385408036411,
    0.01975996302207932,
    0.019826790085062385,
    0.03148991819471121,
    0.035075005749240516,
    0.03909966703504324,
    0.04278987026773393,
    0.04888256625272334,
    0.05282399579882622,
    0.05558062316849828,
    0.06238827854394913,
    0.06407875837758184,
    0.07220062399283052,
    0.08016530741006136,
    0.08002792634069919
  ],
  "val_loss": [
    0.5060688853263855,
    0.5033701658248901,
    0.5026884078979492,
    0.5020939111709595,
    0.5016533136367798,
    0.5013893246650696,
    0.5013248324394226,
    0.5012246370315552,
    0.5011538863182068,
    0.5011124014854431,
    0.5010210871696472,
    0.5009890794754028,
    0.5008644461631775,
    0.5007616877555847,
    0.5008717775344849,
    0.5009339451789856,
    0.5009807348251343,
    0.5009061694145203,
    0.5008691549301147,
    0.5010230541229248
  ],
  "val_supp": [
    0.0004239914705976844,
    1.5531578583249939e-06,
    5.332476575858891e-05,
    0.0001682555302977562,
    0.0005182061577215791,
    0.0009323124540969729,
    0.0012930704979225993,
    0.0017407413106411695,
    0.002124200575053692,
    0.0021226482931524515,
    0.0023047926370054483,
    0.0021774994675070047,
    0.0023441181983798742,
    0.002585756126791239,
    0.0024248382542282343,
    0.002237006789073348,
    0.0021335151977837086,
    0.002359641483053565,
    0.0024558838922530413,
    0.0019001320470124483
  ]
}