{
  "snr_db": 25.0,
  "rsi_scale": 20.0,
  "sic_db": 23.0,
  "seed": 0,
  "N": 8319,
  "tx_source": "bridge_tx/*.npy",
  "local": "kodim01",
  "remote": "kodim24",
  "analog_sic_info": {
    "mode": "realistic_asic",
    "ASIC_L": 4,
    "ASIC_P": 7,
    "ASIC_NSYM": 500,
    "BO_DB": 0.0,
    "enable_pa_nonlinearity": true,
    "h_aux_flat_mag_db": -1.898736699603159,
    "g_err": 0.9946622798988545,
    "p_err_rad": 0.0023273798228149365,
    "EST_SNR_DB": 25.0,
    "alpha_real": 1.0030006412989698,
    "alpha_imag": -0.030501240932704347,
    "safety_flip": true,
    "P_rsi_before": 5.702345087154227,
    "P_rsi_after": 19.525848391150905,
    "analog_supp_db": -5.345564170584922,
    "actual_suppression_db": -5.345564170584922,
    "est_noise_var": 0.02091095805991246,
    "P_main": 0.9999999527357569,
    "noise_var": 0.0031622775107057193,
    "SINR_pre_db": -7.562942908192802,
    "SINR_analog_db": -12.906802631987828
  }
}