{"psnr": 34.98736572265625, "mse": 0.0003171490097884089, "ms_ssim": 0.9760861992835999}