{
  "rsi_scale": 50000,
  "run_tag": "precomp_digital",
  "time_sec": 11.957870483398438,
  "sinr_pre": -41.72520629795887,
  "sinr_after_analog": 21.75059634319362,
  "sinr_after_digital": 25.0,
  "analog_supp_db": NaN,
  "digital_supp_db": NaN,
  "psnr": 34.98736572265625
}