{"psnr": 26.717824935913086, "mse": 0.0021292048040777445, "ms_ssim": 0.8502871990203857}