{
  "rsi_scale": 3150000,
  "run_tag": "precomp_analog",
  "time_sec": 10.992675304412842,
  "sinr_pre": -59.718610884015746,
  "sinr_after_analog": 6.479378646800482,
  "sinr_after_digital": 6.479378646800482,
  "analog_supp_db": NaN,
  "digital_supp_db": NaN,
  "psnr": 26.717824935913086
}