{"psnr": 27.636028289794922, "mse": 0.0017234445549547672, "ms_ssim": 0.881972074508667}