{
  "rsi_scale": 3150000,
  "run_tag": "precomp_digital",
  "time_sec": 11.968285083770752,
  "sinr_pre": -59.718610884015746,
  "sinr_after_analog": 6.479378646800482,
  "sinr_after_digital": 7.872007579509965,
  "analog_supp_db": NaN,
  "digital_supp_db": NaN,
  "psnr": 27.636028289794922
}