{"psnr": 31.895139694213867, "mse": 0.0006463772733695805, "ms_ssim": 0.9532710909843445}