{
  "rsi_scale": 1000000,
  "run_tag": "precomp_diffusion",
  "time_sec": 16.13702130317688,
  "sinr_pre": -54.73550537762344,
  "sinr_after_analog": 11.333160401768101,
  "sinr_after_digital": NaN,
  "analog_supp_db": NaN,
  "digital_supp_db": NaN,
  "psnr": 31.895139694213867
}