{"psnr": 32.47721862792969, "mse": 0.0005652992404066026, "ms_ssim": 0.9563983082771301}