{
  "snr_db": 25.0,
  "rsi_scale": 100000.0,
  "SINR_pre": -44.73550579303279,
  "SINR_analog": 19.91282100571123,
  "Supp_analog": 64.64832679874402,
  "noise_var": 0.07756056136603431,
  "P_main": 24.5268030517929,
  "amp_scale": 1.0,
  "analog_sic_info": {
    "mode": "realistic_asic_postpa",
    "ASIC_L": 9,
    "ASIC_P": 7,
    "ASIC_P_use": 7,
    "ASIC_NSYM": 2000,
    "BO_DB": 0.0,
    "enable_pa_nonlinearity": true,
    "AUX_DISABLE_IQPA": false,
    "ASIC_FORCE_LINEAR_WHEN_PA_OFF": true,
    "h_aux_flat_mag_db": -4.041496174045471,
    "g_err": 0.9834384782126355,
    "p_err_rad": -0.0003951443139892671,
    "EST_SNR_DB": 100.0,
    "alpha_real": -1.6247332248940256,
    "alpha_imag": 2.8011509410439674,
    "safety_flip": false,
    "P_rsi_before": 729779.1930236177,
    "P_rsi_after": 0.1726806554501215,
    "analog_supp_db": 66.2594778843686,
    "actual_suppression_db": 66.2594778843686,
    "est_noise_var": 0.00010377281075771812,
    "P_main": 24.5268030517929,
    "noise_var": 0.07756056136603431,
    "SINR_pre_db": -44.73550579303279,
    "SINR_analog_db": 19.91282100571123
  }
}