{"psnr": 34.65672302246094, "mse": 0.00034223738475702703, "ms_ssim": 0.9738380908966064}